Population Name,Family Code,Total lines (from either max geno. or pheno.),No. Genotyped,No. Phenotyped,No. Genotype & Phenotyped,BC1 Streams,Recurrent Parent,Generation Genotyped,Synthetic Parent,DD donor,AABB donor,Core Nursery
NIAB.SHW.BC.038/039,38,80,80,0,0,10,Robigus,Bc1 F5,NIAB.SHW.008,Ae.Squarrosa 895,Hoh-501,NA
NIAB.SHW.BC.042/045,42,60,60,0,0,7,Robigus,Bc1 F5,NIAB.SHW.012,Ae.Squarrosa 325,Hoh-501,NA
NIAB.SHW.BC.050,50,41,41,0,0,5,Robigus,Bc1 F5,NIAB.SHW.018,JIC2220007,Hoh-506,NA
NIAB.SHW.BC.141,141,44,25,44,23,7,Robigus,Bc1 F5,NIAB.SHW.027,Ae.Squarrosa 325,ICARDA-71,2018
NIAB.SHW.BC.589,589,67,67,67,67,12,Robigus,Bc1 F4,NIAB.SHW.029,Ae.Squarrosa 224,Sculptur,2019
NIAB.SHW.BC.590,590,55,49,55,49,8,Robigus,Bc1 F4,NIAB.SHW.031,JIC2220007,Biensur,2019
NIAB.SHW.BC.144,144,69,51,69,51,12,Robigus,Bc1 F5,NIAB.SHW.035,Ae.Squarrosa 224,Biensur,2018
NIAB.SHW.BC.209/211,209,65,64,65,64,14,Robigus,Bc1 F4,NIAB.SHW.041,Ent.336,Hoh-501,2020
NIAB.SHW.BC.212,212,59,44,59,44,6,Robigus,Bc1 F5,NIAB.SHW.054,Ent.392,Biensur,2018
NIAB.SHW.BC.213,213,64,40,64,40,14,Robigus,Bc1 F5,NIAB.SHW.055,Ent.088,Hoh-501,2017
NIAB.SHW.BC.219,219,62,42,62,42,15,Robigus,Bc1 F5,NIAB.SHW.069,Ent.127,Hoh-506,2017
NIAB.SHW.BC.222,222,83,82,83,82,10,Robigus,Bc1 F4,NIAB.SHW.071,Ent.077,Hoh-501,2020
NIAB.SHW.BC.226,226,54,37,54,37,9,Robigus,Bc1 F5,NIAB.SHW.073,Ent.242,Hoh-501,2018
NIAB.SHW.BC.233,233,66,54,66,54,14,Robigus,Bc1 F5,NIAB.SHW.075,Ent.404,Hoh-501,2017
NIAB.SHW.BC.237,237,67,63,67,63,15,Robigus,Bc1 F5,NIAB.SHW.076,Ent.405,Hoh-501,2017
NIAB.SHW.BC.244,244,60,55,60,55,14,Robigus,Bc1 F5,NIAB.SHW.077,Ent.402,Hoh-501,2017
NIAB.SHW.BC.368/369,368,42,30,42,30,11,Robigus,Bc1 F5,NIAB.SHW.078,Ent.431,Hoh-501,2018
NIAB.SHW.BC.592,592,58,42,58,42,12,Robigus,Bc1 F4,NIAB.SHW.080,Ent.270,Hoh-501,2019
NIAB.SHW.BC.348,348,63,45,63,45,12,Robigus,Bc1 F5,NIAB.SHW.082,Ent.090,Hoh-501,2018
NIAB.SHW.BC.350/351,350,66,60,66,60,12,Robigus,Bc1 F5,NIAB.SHW.083,Ent.087,Hoh-501,2018
NIAB.SHW.BC.353/354,353,64,52,64,52,12,Robigus,Bc1 F5,NIAB.SHW.084,Ent.084,Hoh-501,2018
NIAB.SHW.BC.356/358,356,42,36,42,36,11,Robigus,Bc1 F5,NIAB.SHW.085,Ent.389,Hoh-501,2018
NIAB.SHW.BC.359/361,359,60,46,60,46,12,Robigus,Bc1 F5,NIAB.SHW.086,Ent.118,Hoh-501,2018
NIAB.SHW.BC.363/365,363,29,16,29,16,11,Robigus,Bc1 F5,NIAB.SHW.087,Ent.382,Hoh-501,2018
NIAB.SHW.BC.470,470,54,51,54,50,8,Robigus,Bc1 F5,NIAB.SHW.088,Ent.080,Hoh-501,2018
NIAB.SHW.BC.398,398,59,57,59,57,12,Robigus,Bc1 F5,NIAB.SHW.089,Ent.086,Hoh-501,2018
NIAB.SHW.BC.401,401,69,67,69,67,12,Robigus,Bc1 F5,NIAB.SHW.090,Ent.102,Hoh-501,2018
NIAB.SHW.BC.405,405,69,67,69,67,12,Robigus,Bc1 F5,NIAB.SHW.092,Ent.272,Hoh-501,2018
NIAB.SHW.BC.472,472,54,37,54,37,12,Robigus,Bc1 F5,NIAB.SHW.093,Ent.302,Hoh-501,2018
NIAB.SHW.BC.473,473,73,63,73,63,15,Robigus,Bc1 F4,NIAB.SHW.094,Ent.383,Hoh-501,2020
NIAB.SHW.BC.476,476,52,48,52,48,7,Robigus,Bc1 F5,NIAB.SHW.095,Ent.078,Hoh-501,2018
NIAB.SHW.BC.622,622,80,57,80,56,14,Robigus,Bc1 F4,NIAB.SHW.097,Ent.081,Hoh-501,2019
NIAB.SHW.BC.465,465,67,57,67,57,12,Robigus,Bc1 F5,NIAB.SHW.099,Ent.430,Hoh-501,2018
NIAB.SHW.BC.467,467,40,33,40,33,11,Robigus,Bc1 F5,NIAB.SHW.100,Ent.141,Hoh-501,2018
NIAB.SHW.BC.478,478,59,51,59,51,14,Robigus,Bc1 F4,NIAB.SHW.101,Ae.Squarrosa 369,Aisberg,2019
NIAB.SHW.BC.624,624,59,59,56,56,15,Robigus,Bc1 F4,NIAB.SHW.102,Ae.Squarrosa 409,Leuc 84693,2019
NIAB.SHW.BC.480,480,64,64,64,64,4,Robigus,Bc1 F4,NIAB.SHW.104,Ae.Squarrosa 392,UKR-OD 1530.94,2020
NIAB.SHW.BC.484,484,77,77,76,75,15,Robigus,Bc1 F4,NIAB.SHW.106,Ae.Squarrosa 629,UKR-OD 1530.94,2021
NIAB.SHW.BC.626,626,53,47,53,46,15,Robigus,Bc1 F4,NIAB.SHW.111,Ae.Squarrosa 223,Pandur,2019
NIAB.SHW.BC.627,627,66,52,66,52,12,Robigus,Bc1 F4,NIAB.SHW.112,Ae.Squarrosa 223,Pandur,2019
NIAB.SHW.BC.487,487,75,60,75,60,14,Robigus,Bc1 F4,NIAB.SHW.113,Ae.Squarrosa 409,Pandur,2021
NIAB.SHW.BC.489,489,61,41,61,41,16,Robigus,Bc1 F4,NIAB.SHW.116,KSU TA2472,Pandur,2019
NIAB.SHW.BC.628,628,63,48,63,47,15,Robigus,Bc1 F4,NIAB.SHW.117,KSU TA2377,Pandur,2019
NIAB.SHW.BC.631,631,51,45,51,45,13,Robigus,Bc1 F4,NIAB.SHW.118,KSU TA2470,Agedur,2019
NIAB.SHW.BC.492,492,52,15,52,15,12,Robigus,Bc1 F4,NIAB.SHW.125,KSU TA2454,Elidur,2021
NIAB.SHW.BC.633,633,55,12,55,12,10,Robigus,Bc1 F4,NIAB.SHW.126,KSU TA2472,Amadur,2021
NIAB.SHW.BC.634,634,77,53,77,53,16,Robigus,Bc1 F4,NIAB.SHW.127,KSU TA2377,Grandur,2021
NIAB.SHW.BC.639,639,60,49,60,49,16,Robigus,Bc1 F4,NIAB.SHW.131,KSU TA2412,Condur,2020
NIAB.SHW.BC.640,640,68,59,68,59,15,Robigus,Bc1 F4,NIAB.SHW.132,KSU TA2464,Condur,2020
NIAB.SHW.BC.641,641,56,47,56,47,13,Robigus,Bc1 F4,NIAB.SHW.134,KSU TA2474,Condur,2019
NIAB.SHW.BC.642,642,52,48,52,48,8,Robigus,Bc1 F4,NIAB.SHW.136,KSU TA2569,DDU 297,2021
NIAB.SHW.BC.644,644,51,15,51,15,12,Robigus,Bc1 F4,NIAB.SHW.137,Ent.134,Hoh-501,2021
NIAB.SHW.BC.645,645,56,36,56,36,14,Robigus,Bc1 F4,NIAB.SHW.138,Ent.384,Hoh-501,2020
NIAB.SHW.BC.647,647,49,41,49,41,9,Robigus,Bc1 F4,NIAB.SHW.143,Ent.076,Hoh-501,2020
