Population Code,No. of Genotypes,Founder of Population,Recurrent Parent
38/39,86,NIAB.SHW.008,Robigus
42/45,61,NIAB.SHW.012,Robigus
50,42,NIAB.SHW.018,Robigus
141,41,NIAB.SHW.027,Robigus
144,68,NIAB.SHW.035,Robigus
209/211,64,NIAB.SHW.041,Robigus
212,59,NIAB.SHW.054,Robigus
213,52,NIAB.SHW.055,Robigus
219,61,NIAB.SHW.069,Robigus
222,83,NIAB.SHW.071,Robigus
226,52,NIAB.SHW.073,Robigus
233,65,NIAB.SHW.075,Robigus
237,64,NIAB.SHW.076,Robigus
244,60,NIAB.SHW.077,Robigus
348,59,NIAB.SHW.082,Robigus
350/351,63,NIAB.SHW.083,Robigus
353/354,60,NIAB.SHW.084,Robigus
356/358,40,NIAB.SHW.085,Robigus
359/361,56,NIAB.SHW.086,Robigus
363/365,21,NIAB.SHW.087,Robigus
368/369,36,NIAB.SHW.078,Robigus
398,59,NIAB.SHW.089,Robigus
401,69,NIAB.SHW.090,Robigus
403,37,NIAB.SHW.091,Robigus
405,69,NIAB.SHW.092,Robigus
465,64,NIAB.SHW.099,Robigus
467,37,NIAB.SHW.100,Robigus
470,54,NIAB.SHW.088,Robigus
472,51,NIAB.SHW.093,Robigus
473,76,NIAB.SHW.094,Robigus
476,52,NIAB.SHW.095,Robigus
478,58,NIAB.SHW.101,Robigus
480,64,NIAB.SHW.104,Robigus
484,78,NIAB.SHW.106,Robigus
487,72,NIAB.SHW.113,Robigus
489,57,NIAB.SHW.116,Robigus
492,33,NIAB.SHW.125,Robigus
589,67,NIAB.SHW.029,Robigus
590,54,NIAB.SHW.031,Robigus
592,55,NIAB.SHW.080,Robigus
622,74,NIAB.SHW.097,Robigus
624,59,NIAB.SHW.102,Robigus
626,53,NIAB.SHW.111,Robigus
627,63,NIAB.SHW.112,Robigus
628,61,NIAB.SHW.117,Robigus
631,51,NIAB.SHW.118,Robigus
633,30,NIAB.SHW.126,Robigus
634,73,NIAB.SHW.127,Robigus
639,57,NIAB.SHW.131,Robigus
640,68,NIAB.SHW.132,Robigus
641,54,NIAB.SHW.134,Robigus
642,52,NIAB.SHW.136,Robigus
644,39,NIAB.SHW.137,Robigus
645,54,NIAB.SHW.138,Robigus
647,50,NIAB.SHW.143,Robigus
